400.0500000, 0.9545336134
400.0600000, 0.9453995312
400.0700000, 0.9382549167
400.0800000, 0.9287047700
400.0900000, 0.9215464638
400.1000000, 0.9166922959
400.1100000, 0.9108105396
400.1200000, 0.9022264902
400.1300000, 0.8943109608
400.1400000, 0.8881960984
400.1500000, 0.8788638311
400.1600000, 0.8676349546
400.1700000, 0.8557114339
400.1800000, 0.8443247523
400.1900000, 0.8357025547
400.2000000, 0.8286867498
400.2100000, 0.8193731494
400.2200000, 0.8078014038
400.2300000, 0.7946733504
400.2400000, 0.7811899511
400.2500000, 0.7658803811
400.2600000, 0.7516083564
400.2700000, 0.7414960937
400.2800000, 0.7323848950
400.2900000, 0.7250148575
400.3000000, 0.7191205262
400.3100000, 0.7130241818
400.3200000, 0.7074587277
400.3300000, 0.7085683689
400.3400000, 0.7147507523
400.3500000, 0.7206094245
400.3600000, 0.7298039108
400.3700000, 0.7425060676
400.3800000, 0.7564642343
400.3900000, 0.7709473229
400.4000000, 0.7870789977
400.4100000, 0.8073921046
400.4200000, 0.8246200448
400.4300000, 0.8409876038
400.4400000, 0.8615825535
400.4500000, 0.8821307137
400.4600000, 0.8966332040
400.4700000, 0.9178298119
400.4800000, 0.9387470478
400.4900000, 0.9548699939
400.5000000, 0.9732938123
400.5100000, 0.9957418195
400.5200000, 1.017944422
400.5300000, 1.032090586
400.5400000, 1.045249015
400.5500000, 1.053070050
400.5600000, 1.060711829
400.5700000, 1.070809535
400.5800000, 1.083185975
400.5900000, 1.097440068
400.6000000, 1.106008442
400.6100000, 1.112513883
400.6200000, 1.117530053
400.6300000, 1.123824067
400.6400000, 1.127704609
400.6500000, 1.128975472
400.6600000, 1.131988544
400.6700000, 1.133683311
400.6800000, 1.134631212
400.6900000, 1.133178858
400.7000000, 1.126009878
400.7100000, 1.119536346
400.7200000, 1.114514133
400.7300000, 1.106748779
400.7400000, 1.102297568
400.7500000, 1.097913797
400.7600000, 1.089008824
400.7700000, 1.081618691
400.7800000, 1.078225374
400.7900000, 1.079008210
400.8000000, 1.080000892
400.8100000, 1.081732991
400.8200000, 1.081402673
400.8300000, 1.075740228
400.8400000, 1.069522444
400.8500000, 1.068716262
400.8600000, 1.067737776
400.8700000, 1.065859751
400.8800000, 1.062326758
400.8900000, 1.059740293
400.9000000, 1.061693473
400.9100000, 1.063231350
400.9200000, 1.060575422
400.9300000, 1.047420946
400.9400000, 1.039664035
400.9500000, 1.032385263
400.9600000, 1.024273997
400.9700000, 1.011352915
400.9800000, 1.000018548
400.9900000, 0.9880940205
401.0000000, 0.9727173656
401.0100000, 0.9611734802
401.0200000, 0.9498427492
401.0300000, 0.9411986206
401.0400000, 0.9361960994
401.0500000, 0.9305902181
401.0600000, 0.9254674346
401.0700000, 0.9152227244
401.0800000, 0.9097592585
401.0900000, 0.9052309365
401.1000000, 0.8971174806
401.1100000, 0.8913444217
401.1200000, 0.8821138781
401.1300000, 0.8728535958
401.1400000, 0.8612418677
401.1500000, 0.8495606406
401.1600000, 0.8391699977
401.1700000, 0.8295785754
401.1800000, 0.8173244320
401.1900000, 0.8020950553
401.2000000, 0.7917664087
401.2100000, 0.7834267869
401.2200000, 0.7786767638
401.2300000, 0.7733165955
401.2400000, 0.7618538410
401.2500000, 0.7584744449
401.2600000, 0.7620517377
401.2700000, 0.7635782447
401.2800000, 0.7645525457
401.2900000, 0.7681500051
401.3000000, 0.7721955498
401.3100000, 0.7685712412
401.3200000, 0.7610640356
401.3300000, 0.7584554200
401.3400000, 0.7551122077
401.3500000, 0.7503459268
401.3600000, 0.7420119800
401.3700000, 0.7363295097
401.3800000, 0.7316284947
401.3900000, 0.7221034810
401.4000000, 0.7194309838
401.4100000, 0.7168707293
401.4200000, 0.7156203727
401.4300000, 0.7213935046
401.4400000, 0.7237148670
401.4500000, 0.7253179005
401.4600000, 0.7293667662
401.4700000, 0.7324656839
401.4800000, 0.7411065437
401.4900000, 0.7494080482
401.5000000, 0.7552700461
401.5100000, 0.7594454715
401.5200000, 0.7627939514
401.5300000, 0.7657339588
401.5400000, 0.7713214414
401.5500000, 0.7743206901
401.5600000, 0.7768346215
401.5700000, 0.7768838502
401.5800000, 0.7751245870
401.5900000, 0.7743048835
401.6000000, 0.7723305283
401.6100000, 0.7704686366
401.6200000, 0.7725169772
401.6300000, 0.7762893422
401.6400000, 0.7817928252
401.6500000, 0.7885769394
401.6600000, 0.7945495916
401.6700000, 0.8030578541
401.6800000, 0.8118760981
401.6900000, 0.8211729432
401.7000000, 0.8307484932
401.7100000, 0.8387477773
401.7200000, 0.8457111712
401.7300000, 0.8517049544
401.7400000, 0.8570187404
401.7500000, 0.8601455728
401.7600000, 0.8622465078
401.7700000, 0.8605930808
401.7800000, 0.8595215294
401.7900000, 0.8594983088
401.8000000, 0.8584933512
401.8100000, 0.8595698850
401.8200000, 0.8636264833
401.8300000, 0.8658881029
401.8400000, 0.8680833154
401.8500000, 0.8688757830
401.8600000, 0.8692824153
401.8700000, 0.8657184141
401.8800000, 0.8616445036
401.8900000, 0.8557298044
401.9000000, 0.8486634700
401.9100000, 0.8463132650
401.9200000, 0.8405803784
401.9300000, 0.8341340382
401.9400000, 0.8252995284
401.9500000, 0.8148733141
401.9600000, 0.8041756130
401.9700000, 0.7977535328
401.9800000, 0.7873975056
401.9900000, 0.7799342964
402.0000000, 0.7704658123
402.0100000, 0.7623204211
402.0200000, 0.7520809217
402.0300000, 0.7430721451
402.0400000, 0.7321752738
402.0500000, 0.7220778358
402.0600000, 0.7122307414
402.0700000, 0.7045440985
402.0800000, 0.6960757417
402.0900000, 0.6883275531
402.1000000, 0.6804225605
402.1100000, 0.6738386550
402.1200000, 0.6683727665
402.1300000, 0.6630259097
402.1400000, 0.6588723004
402.1500000, 0.6543017419
402.1600000, 0.6501109044
402.1700000, 0.6475872123
402.1800000, 0.6447277011
402.1900000, 0.6417105067
402.2000000, 0.6372175456
402.2100000, 0.6323653387
402.2200000, 0.6291430660
402.2300000, 0.6250226840
402.2400000, 0.6206414765
402.2500000, 0.6142754960
402.2600000, 0.6088875352
402.2700000, 0.6071187159
402.2800000, 0.6054765901
402.2900000, 0.6038522336
402.3000000, 0.6007894927
402.3100000, 0.5960530051
402.3200000, 0.5943055148
402.3300000, 0.5943354603
402.3400000, 0.5946413481
402.3500000, 0.5970482605
402.3600000, 0.5989083123
402.3700000, 0.6047254760
402.3800000, 0.6085301480
402.3900000, 0.6110144498
402.4000000, 0.6167337738
402.4100000, 0.6223723122
402.4200000, 0.6279723131
402.4300000, 0.6360933186
402.4400000, 0.6409470170
402.4500000, 0.6481942107
402.4600000, 0.6530236596
402.4700000, 0.6615319137
402.4800000, 0.6692877375
402.4900000, 0.6742445898
402.5000000, 0.6798072431
402.5100000, 0.6843325482
402.5200000, 0.6868332810
402.5300000, 0.6903688898
402.5400000, 0.6949315870
402.5500000, 0.6958708318
402.5600000, 0.6957550623
402.5700000, 0.6952926760
402.5800000, 0.6977285420
402.5900000, 0.6918038101
402.6000000, 0.6865630106
402.6100000, 0.6860094874
402.6200000, 0.6833868083
402.6300000, 0.6824122856
402.6400000, 0.6821720761
402.6500000, 0.6814959806
402.6600000, 0.6822833850
402.6700000, 0.6846184756
402.6800000, 0.6886133828
402.6900000, 0.6915093432
402.7000000, 0.6936375750
402.7100000, 0.6964227702
402.7200000, 0.6982513548
402.7300000, 0.7020479451
402.7400000, 0.7057916229
402.7500000, 0.7074278647
402.7600000, 0.7070440347
402.7700000, 0.7045252349
402.7800000, 0.6996816736
402.7900000, 0.6968223871
402.8000000, 0.6944268495
402.8100000, 0.6919718485
402.8200000, 0.6896550887
402.8300000, 0.6869065307
402.8400000, 0.6810808455
402.8500000, 0.6754196044
402.8600000, 0.6689484783
402.8700000, 0.6633667954
402.8800000, 0.6585335032
402.8900000, 0.6528736007
402.9000000, 0.6456102274
402.9100000, 0.6391388276
402.9200000, 0.6326869340
402.9300000, 0.6262764205
402.9400000, 0.6190247160
402.9500000, 0.6125003871
402.9600000, 0.6065331222
402.9700000, 0.6039061509
402.9800000, 0.6000566023
402.9900000, 0.5977593225
403.0000000, 0.5985735463
403.0100000, 0.6030917986
403.0200000, 0.6063110741
403.0300000, 0.6081055670
403.0400000, 0.6133167415
403.0500000, 0.6167602456
403.0600000, 0.6198104690
403.0700000, 0.6249067520
403.0800000, 0.6280187342
403.0900000, 0.6311124780
403.1000000, 0.6325763945
403.1100000, 0.6356496317
403.1200000, 0.6426676194
403.1300000, 0.6472020341
403.1400000, 0.6510865369
403.1500000, 0.6580791290
403.1600000, 0.6668708840
403.1700000, 0.6773351592
403.1800000, 0.6888682255
403.1900000, 0.7019597998
403.2000000, 0.7185816901
403.2100000, 0.7359852150
403.2200000, 0.7519286156
403.2300000, 0.7697860410
403.2400000, 0.7889000288
403.2500000, 0.8050478977
403.2600000, 0.8238053576
403.2700000, 0.8462874516
403.2800000, 0.8622262101
403.2900000, 0.8843939217
403.3000000, 0.9082604189
403.3100000, 0.9290991762
403.3200000, 0.9497492455
403.3300000, 0.9665744485
403.3400000, 0.9842154077
403.3500000, 1.000557262
403.3600000, 1.023173116
403.3700000, 1.040049486
403.3800000, 1.061851234
403.3900000, 1.077511300
403.4000000, 1.086081238
403.4100000, 1.105402030
403.4200000, 1.116336685
403.4300000, 1.130413181
403.4400000, 1.142451894
403.4500000, 1.151143531
403.4600000, 1.163449082
403.4700000, 1.176581437
403.4800000, 1.188457592
403.4900000, 1.196203210
403.5000000, 1.199250944
403.5100000, 1.202149360
403.5200000, 1.210428978
403.5300000, 1.220909325
403.5400000, 1.231353655
403.5500000, 1.233492320
403.5600000, 1.232623733
403.5700000, 1.228249745
403.5800000, 1.222652191
403.5900000, 1.215719832
403.6000000, 1.206914549
403.6100000, 1.198565492
403.6200000, 1.189836718
403.6300000, 1.179806903
403.6400000, 1.170874798
403.6500000, 1.157999017
403.6600000, 1.146012118
403.6700000, 1.140373691
403.6800000, 1.129633836
403.6900000, 1.122432602
403.7000000, 1.116789675
403.7100000, 1.114633568
403.7200000, 1.115471511
403.7300000, 1.118111527
403.7400000, 1.115671832
403.7500000, 1.105666297
403.7600000, 1.101396523
403.7700000, 1.099540357
403.7800000, 1.094306993
403.7900000, 1.088638525
403.8000000, 1.081981814
403.8100000, 1.072796236
403.8200000, 1.063489483
403.8300000, 1.062286889
403.8400000, 1.063942336
403.8500000, 1.065533086
403.8600000, 1.063930470
403.8700000, 1.060679429
403.8800000, 1.058347705
403.8900000, 1.052765367
403.9000000, 1.048677505
403.9100000, 1.043143758
403.9200000, 1.038235814
403.9300000, 1.032679809
403.9400000, 1.026718323
403.9500000, 1.016034132
403.9600000, 1.005758933
403.9700000, 0.9973542970
403.9800000, 0.9906336293
403.9900000, 0.9835214990
404.0000000, 0.9720922589
404.0100000, 0.9612412316
404.0200000, 0.9489954163
404.0300000, 0.9372890985
404.0400000, 0.9242812173
404.0500000, 0.9121422930
404.0600000, 0.8994375012
404.0700000, 0.8867956900
404.0800000, 0.8757203227
404.0900000, 0.8621055112
404.1000000, 0.8532095089
404.1100000, 0.8410464170
404.1200000, 0.8270958862
404.1300000, 0.8194185076
404.1400000, 0.8100343288
404.1500000, 0.7993396516
404.1600000, 0.7860552049
404.1700000, 0.7764576569
404.1800000, 0.7644363901
404.1900000, 0.7538874360
404.2000000, 0.7504408340
404.2100000, 0.7443578018
404.2200000, 0.7388582263
404.2300000, 0.7330627937
404.2400000, 0.7278538431
404.2500000, 0.7261045991
404.2600000, 0.7273785564
404.2700000, 0.7296383601
404.2800000, 0.7293644467
404.2900000, 0.7307750464
404.3000000, 0.7381884170
404.3100000, 0.7447986767
404.3200000, 0.7570027735
404.3300000, 0.7666329436
404.3400000, 0.7779363067
404.3500000, 0.7906888691
404.3600000, 0.8101005803
404.3700000, 0.8238630566
404.3800000, 0.8435069738
404.3900000, 0.8645923810
404.4000000, 0.8854894665
404.4100000, 0.9071264803
404.4200000, 0.9291819202
404.4300000, 0.9482363937
404.4400000, 0.9661508025
404.4500000, 0.9825064152
404.4600000, 0.9992221402
404.4700000, 1.015786833
404.4800000, 1.030912754
404.4900000, 1.048500502
404.5000000, 1.067382496
404.5100000, 1.085323323
404.5200000, 1.102636169
404.5300000, 1.114805460
404.5400000, 1.123091195
404.5500000, 1.133961762
404.5600000, 1.146101553
404.5700000, 1.159246463
404.5800000, 1.171838495
404.5900000, 1.183169120
404.6000000, 1.192935641
404.6100000, 1.198781509
404.6200000, 1.203151932
404.6300000, 1.207151412
404.6400000, 1.211015214
404.6500000, 1.209676526
404.6600000, 1.204472851
404.6700000, 1.203755144
404.6800000, 1.202704387
404.6900000, 1.200860785
404.7000000, 1.198273525
404.7100000, 1.193240501
404.7200000, 1.186564638
404.7300000, 1.185928538
404.7400000, 1.184052588
404.7500000, 1.176818430
404.7600000, 1.175004457
404.7700000, 1.174135011
404.7800000, 1.171443637
404.7900000, 1.166664095
404.8000000, 1.164239067
404.8100000, 1.159390197
404.8200000, 1.158610442
404.8300000, 1.157786604
404.8400000, 1.159281268
404.8500000, 1.162537650
404.8600000, 1.163003355
404.8700000, 1.156507731
404.8800000, 1.144004889
404.8900000, 1.131287875
404.9000000, 1.123284474
404.9100000, 1.110717769
404.9200000, 1.101155413
404.9300000, 1.084130884
404.9400000, 1.068172169
404.9500000, 1.054276194
404.9600000, 1.038179948
404.9700000, 1.023489370
404.9800000, 1.007309774
404.9900000, 0.9952557074
405.0000000, 0.9871829683
405.0100000, 0.9828445707
405.0200000, 0.9780569630
405.0300000, 0.9709142657
405.0400000, 0.9628099520
405.0500000, 0.9537076745
405.0600000, 0.9451080753
405.0700000, 0.9352256472
405.0800000, 0.9256086991
405.0900000, 0.9181518648
405.1000000, 0.9109993243
405.1100000, 0.9010171202
405.1200000, 0.8875742167
405.1300000, 0.8769631809
405.1400000, 0.8676077728
405.1500000, 0.8542543929
405.1600000, 0.8418752225
405.1700000, 0.8330817752
405.1800000, 0.8224876072
405.1900000, 0.8129290076
405.2000000, 0.8047701756
405.2100000, 0.7990089673
405.2200000, 0.7907318274
405.2300000, 0.7837713346
405.2400000, 0.7782492299
405.2500000, 0.7724480179
405.2600000, 0.7651399877
405.2700000, 0.7578155615
405.2800000, 0.7489159057
405.2900000, 0.7408689224
405.3000000, 0.7328004935
405.3100000, 0.7271046712
405.3200000, 0.7238647340
405.3300000, 0.7191989525
405.3400000, 0.7119775840
405.3500000, 0.7055304075
405.3600000, 0.6981571433
405.3700000, 0.6947923335
405.3800000, 0.6974920922
405.3900000, 0.7012885706
405.4000000, 0.7080243880
405.4100000, 0.7153638604
405.4200000, 0.7232115611
405.4300000, 0.7316729743
405.4400000, 0.7425380407
405.4500000, 0.7531578651
405.4600000, 0.7651608275
405.4700000, 0.7788113089
405.4800000, 0.7925797663
405.4900000, 0.8059170690
405.5000000, 0.8177632524
405.5100000, 0.8256912657
405.5200000, 0.8352207118
405.5300000, 0.8486434069
405.5400000, 0.8598993834
405.5500000, 0.8716914058
405.5600000, 0.8831974980
405.5700000, 0.8909982895
405.5800000, 0.8999574838
405.5900000, 0.9090091123
405.6000000, 0.9153637644
405.6100000, 0.9209576399
405.6200000, 0.9264799815
405.6300000, 0.9326899602
405.6400000, 0.9397047163
405.6500000, 0.9433797365
405.6600000, 0.9434247537
405.6700000, 0.9428110259
405.6800000, 0.9439880837
405.6900000, 0.9454358860
405.7000000, 0.9463904237
405.7100000, 0.9477127844
405.7200000, 0.9446562387
405.7300000, 0.9400354033
405.7400000, 0.9374632262
405.7500000, 0.9309214579
405.7600000, 0.9269984166
405.7700000, 0.9229681003
405.7800000, 0.9197465804
405.7900000, 0.9148753147
405.8000000, 0.9139445124
405.8100000, 0.9154429334
405.8200000, 0.9186998543
405.8300000, 0.9197532769
405.8400000, 0.9196664868
405.8500000, 0.9210791189
405.8600000, 0.9228869850
405.8700000, 0.9221431064
405.8800000, 0.9158263570
405.8900000, 0.9073026509
405.9000000, 0.9023451150
405.9100000, 0.8994754820
405.9200000, 0.8935988381
405.9300000, 0.8834680235
405.9400000, 0.8745354341
405.9500000, 0.8664948301
405.9600000, 0.8557713736
405.9700000, 0.8489205272
405.9800000, 0.8439031750
405.9900000, 0.8389415180
406.0000000, 0.8322635050
406.0100000, 0.8275689869
406.0200000, 0.8216504404
406.0300000, 0.8134383906
406.0400000, 0.8092919502
406.0500000, 0.8067432718
406.0600000, 0.8010385695
406.0700000, 0.7920555378
406.0800000, 0.7856417782
406.0900000, 0.7783704846
406.1000000, 0.7711889119
406.1100000, 0.7665923325
406.1200000, 0.7604247326
406.1300000, 0.7526471701
406.1400000, 0.7436410564
406.1500000, 0.7348143524
406.1600000, 0.7273473849
406.1700000, 0.7201957118
406.1800000, 0.7086257767
406.1900000, 0.6993991079
406.2000000, 0.6913211089
406.2100000, 0.6834596391
406.2200000, 0.6789565901
406.2300000, 0.6756219095
406.2400000, 0.6690036920
406.2500000, 0.6626684666
406.2600000, 0.6619311591
406.2700000, 0.6619630336
406.2800000, 0.6587679050
406.2900000, 0.6562950572
406.3000000, 0.6539128151
406.3100000, 0.6514063928
406.3200000, 0.6504476415
406.3300000, 0.6497873392
406.3400000, 0.6480532343
406.3500000, 0.6485732542
406.3600000, 0.6487953186
406.3700000, 0.6487660709
406.3800000, 0.6486345928
406.3900000, 0.6501850226
406.4000000, 0.6551985698
406.4100000, 0.6609888354
406.4200000, 0.6666707374
406.4300000, 0.6717897604
406.4400000, 0.6765104318
406.4500000, 0.6819314546
406.4600000, 0.6910943686
406.4700000, 0.7014074888
406.4800000, 0.7110024126
406.4900000, 0.7203052010
406.5000000, 0.7290309857
406.5100000, 0.7381223918
406.5200000, 0.7460422683
406.5300000, 0.7514277220
406.5400000, 0.7565716281
406.5500000, 0.7620222467
406.5600000, 0.7667228273
406.5700000, 0.7716232583
406.5800000, 0.7743171550
406.5900000, 0.7737191850
406.6000000, 0.7745389998
406.6100000, 0.7770038076
406.6200000, 0.7783994398
406.6300000, 0.7803293828
406.6400000, 0.7838893495
406.6500000, 0.7878247840
406.6600000, 0.7923020212
406.6700000, 0.7985965575
406.6800000, 0.8013816003
406.6900000, 0.8029313465
406.7000000, 0.8046327024
406.7100000, 0.8070200723
406.7200000, 0.8077184573
406.7300000, 0.8068477170
406.7400000, 0.8060865787
406.7500000, 0.8117338165
406.7600000, 0.8166897776
406.7700000, 0.8182520324
406.7800000, 0.8230354729
406.7900000, 0.8255973043
406.8000000, 0.8299245548
406.8100000, 0.8380171481
406.8200000, 0.8426814297
406.8300000, 0.8452410199
406.8400000, 0.8460495137
406.8500000, 0.8418496945
406.8600000, 0.8375548838
406.8700000, 0.8332231657
406.8800000, 0.8316144383
406.8900000, 0.8261651059
406.9000000, 0.8217187630
406.9100000, 0.8141221911
406.9200000, 0.8079314826
406.9300000, 0.8047675079
406.9400000, 0.7986310588
406.9500000, 0.7911200304
406.9600000, 0.7872753627
406.9700000, 0.7842402832
406.9800000, 0.7774409660
406.9900000, 0.7716309881
407.0000000, 0.7652898571
407.0100000, 0.7580900832
407.0200000, 0.7542553274
407.0300000, 0.7470285414
407.0400000, 0.7382454739
407.0500000, 0.7314884576
407.0600000, 0.7220403195
407.0700000, 0.7139857617
407.0800000, 0.7078231066
407.0900000, 0.7011092505
407.1000000, 0.6954045025
407.1100000, 0.6909976051
407.1200000, 0.6846137143
407.1300000, 0.6797991305
407.1400000, 0.6742452760
407.1500000, 0.6717049579
407.1600000, 0.6705199666
407.1700000, 0.6633191260
407.1800000, 0.6547976391
407.1900000, 0.6508699527
407.2000000, 0.6442885545
407.2100000, 0.6387275941
407.2200000, 0.6347150467
407.2300000, 0.6298929992
407.2400000, 0.6217931017
407.2500000, 0.6169142345
407.2600000, 0.6111413651
407.2700000, 0.6100793348
407.2800000, 0.6085813265
407.2900000, 0.6076595669
407.3000000, 0.6068355133
407.3100000, 0.6067108345
407.3200000, 0.6071957887
407.3300000, 0.6101315864
407.3400000, 0.6123590713
407.3500000, 0.6127694948
407.3600000, 0.6171242090
407.3700000, 0.6238803414
407.3800000, 0.6290180783
407.3900000, 0.6346748969
407.4000000, 0.6426538435
407.4100000, 0.6531962281
407.4200000, 0.6650067655
407.4300000, 0.6776782404
407.4400000, 0.6870590409
407.4500000, 0.6968074867
407.4600000, 0.7101742246
407.4700000, 0.7242202568
407.4800000, 0.7364620056
407.4900000, 0.7462790803
407.5000000, 0.7557702649
407.5100000, 0.7640151418
407.5200000, 0.7752107522
407.5300000, 0.7917506508
407.5400000, 0.8068461069
407.5500000, 0.8189338380
407.5600000, 0.8301381507
407.5700000, 0.8414534627
407.5800000, 0.8527682601
407.5900000, 0.8671217756
407.6000000, 0.8858980348
407.6100000, 0.9024438048
407.6200000, 0.9184995705
407.6300000, 0.9348846072
407.6400000, 0.9526080722
407.6500000, 0.9684828659
407.6600000, 0.9850106321
407.6700000, 1.003141908
407.6800000, 1.011539446
407.6900000, 1.018826837
407.7000000, 1.026088855
407.7100000, 1.034158258
407.7200000, 1.041486958
407.7300000, 1.042695687
407.7400000, 1.035481297
407.7500000, 1.032787451
407.7600000, 1.028964696
407.7700000, 1.023910593
407.7800000, 1.011564417
407.7900000, 0.9997284647
407.8000000, 0.9831827275
407.8100000, 0.9771930632
407.8200000, 0.9712506886
407.8300000, 0.9630317234
407.8400000, 0.9539576280
407.8500000, 0.9382979922
407.8600000, 0.9274650967
407.8700000, 0.9210455078
407.8800000, 0.9114739785
407.8900000, 0.9046599513
407.9000000, 0.8972225978
407.9100000, 0.8886845283
407.9200000, 0.8794868361
407.9300000, 0.8682878072
407.9400000, 0.8570498427
407.9500000, 0.8482964479
407.9600000, 0.8384620390
407.9700000, 0.8261838157
407.9800000, 0.8153808291
407.9900000, 0.8052024262
408.0000000, 0.7936156234
408.0100000, 0.7832937332
408.0200000, 0.7757074387
408.0300000, 0.7659950543
408.0400000, 0.7568216715
408.0500000, 0.7480162302
408.0600000, 0.7413353783
408.0700000, 0.7337866574
408.0800000, 0.7290657310
408.0900000, 0.7236106604
408.1000000, 0.7194821124
408.1100000, 0.7137679322
408.1200000, 0.7090270601
408.1300000, 0.7053380667
408.1400000, 0.7036080711
408.1500000, 0.6985872963
408.1600000, 0.6947201743
408.1700000, 0.6932063750
408.1800000, 0.6941000299
408.1900000, 0.6989633704
408.2000000, 0.7053812734
408.2100000, 0.7134783344
408.2200000, 0.7205627341
408.2300000, 0.7332122589
408.2400000, 0.7459793248
408.2500000, 0.7620811571
408.2600000, 0.7745929489
408.2700000, 0.7883915707
408.2800000, 0.8053850911
408.2900000, 0.8201307025
408.3000000, 0.8369027562
408.3100000, 0.8568220670
408.3200000, 0.8762472161
408.3300000, 0.8918890296
408.3400000, 0.9095021223
408.3500000, 0.9278589219
408.3600000, 0.9492055959
408.3700000, 0.9712267935
408.3800000, 0.9908739927
408.3900000, 1.006859439
408.4000000, 1.020944704
408.4100000, 1.036196721
408.4200000, 1.053859095
408.4300000, 1.074880658
408.4400000, 1.093034633
408.4500000, 1.100846857
408.4600000, 1.112260979
408.4700000, 1.126764419
408.4800000, 1.136132031
408.4900000, 1.151250976
408.5000000, 1.164548129
408.5100000, 1.173563161
408.5200000, 1.182684312
408.5300000, 1.195040583
408.5400000, 1.202727317
408.5500000, 1.205592913
408.5600000, 1.212821732
408.5700000, 1.221359347
408.5800000, 1.220762832
408.5900000, 1.218422684
408.6000000, 1.218043829
408.6100000, 1.218603128
408.6200000, 1.215991806
408.6300000, 1.214585541
408.6400000, 1.211653253
408.6500000, 1.200195842
408.6600000, 1.192218955
408.6700000, 1.182513540
408.6800000, 1.172865531
408.6900000, 1.161484453
408.7000000, 1.155576552
408.7100000, 1.150282961
408.7200000, 1.139259954
408.7300000, 1.130377270
408.7400000, 1.127817689
408.7500000, 1.121408811
408.7600000, 1.112548078
408.7700000, 1.104067426
408.7800000, 1.098285538
408.7900000, 1.091020168
408.8000000, 1.086635398
408.8100000, 1.079466216
408.8200000, 1.072876479
408.8300000, 1.062784350
408.8400000, 1.053795068
408.8500000, 1.047286092
408.8600000, 1.041778601
408.8700000, 1.033748440
408.8800000, 1.027139935
408.8900000, 1.021576328
408.9000000, 1.013112697
408.9100000, 1.004179924
408.9200000, 0.9979859821
408.9300000, 0.9899433403
408.9400000, 0.9806155839
408.9500000, 0.9748558729
408.9600000, 0.9678418268
408.9700000, 0.9609342980
408.9800000, 0.9563004190
408.9900000, 0.9552458954
409.0000000, 0.9542868202
409.0100000, 0.9514122385
409.0200000, 0.9506280585
409.0300000, 0.9493157056
409.0400000, 0.9475701578
409.0500000, 0.9417289717
409.0600000, 0.9379621081
409.0700000, 0.9338664704
409.0800000, 0.9285894232
409.0900000, 0.9203150228
409.1000000, 0.9122743463
409.1100000, 0.9032252273
409.1200000, 0.8927218144
409.1300000, 0.8830767755
409.1400000, 0.8734034064
409.1500000, 0.8637152465
409.1600000, 0.8516134926
409.1700000, 0.8403026258
409.1800000, 0.8289960504
409.1900000, 0.8184679097
409.2000000, 0.8085932623
409.2100000, 0.8012869693
409.2200000, 0.7919612442
409.2300000, 0.7819661666
409.2400000, 0.7745519924
409.2500000, 0.7663765070
409.2600000, 0.7606731785
409.2700000, 0.7517061715
409.2800000, 0.7436386067
409.2900000, 0.7366312508
409.3000000, 0.7291955246
409.3100000, 0.7228738537
409.3200000, 0.7186449554
409.3300000, 0.7137699802
409.3400000, 0.7108889508
409.3500000, 0.7063272013
409.3600000, 0.7061372207
409.3700000, 0.7125930172
409.3800000, 0.7182707755
409.3900000, 0.7225316612
409.4000000, 0.7295051796
409.4100000, 0.7410426249
409.4200000, 0.7548136841
409.4300000, 0.7697738255
409.4400000, 0.7875089212
409.4500000, 0.8063625429
409.4600000, 0.8227350618
409.4700000, 0.8425878705
409.4800000, 0.8641476948
409.4900000, 0.8797067256
409.5000000, 0.8958555349
409.5100000, 0.9164086277
409.5200000, 0.9405749285
409.5300000, 0.9665982976
409.5400000, 0.9921563111
409.5500000, 1.014726470
409.5600000, 1.033962671
409.5700000, 1.051719564
409.5800000, 1.062679192
409.5900000, 1.076854301
409.6000000, 1.093891643
409.6100000, 1.109856247
409.6200000, 1.124472644
409.6300000, 1.144699326
409.6400000, 1.160868354
409.6500000, 1.170705205
409.6600000, 1.175678419
409.6700000, 1.179020266
409.6800000, 1.181239483
409.6900000, 1.188059772
409.7000000, 1.195126127
409.7100000, 1.195937744
409.7200000, 1.194286804
409.7300000, 1.192453455
409.7400000, 1.186243899
409.7500000, 1.182338580
409.7600000, 1.172796571
409.7700000, 1.166649799
409.7800000, 1.164007722
409.7900000, 1.159013213
409.8000000, 1.152980815
409.8100000, 1.148686640
409.8200000, 1.143524113
409.8300000, 1.138498645
409.8400000, 1.129054234
409.8500000, 1.123042339
409.8600000, 1.119779088
409.8700000, 1.113434503
409.8800000, 1.105798460
409.8900000, 1.099459405
409.9000000, 1.090590554
409.9100000, 1.075697471
409.9200000, 1.063158518
409.9300000, 1.050051252
409.9400000, 1.036158103
409.9500000, 1.026111419
409.9600000, 1.017234500
409.9700000, 1.005267924
409.9800000, 0.9909553712
409.9900000, 0.9793546364
410.0000000, 0.9681819212
410.0100000, 0.9579298135
410.0200000, 0.9497039837
410.0300000, 0.9430331828
410.0400000, 0.9340566953
410.0500000, 0.9272081424
410.0600000, 0.9225653045
410.0700000, 0.9174548762
410.0800000, 0.9092797403
410.0900000, 0.9020947564
410.1000000, 0.8956936390
410.1100000, 0.8917142174
410.1200000, 0.8893085749
410.1300000, 0.8837665582
410.1400000, 0.8742167027
410.1500000, 0.8636062862
410.1600000, 0.8555250108
410.1700000, 0.8458226976
410.1800000, 0.8379655532
410.1900000, 0.8248072283
410.2000000, 0.8128321919
410.2100000, 0.8031557267
410.2200000, 0.7927654339
410.2300000, 0.7832121941
410.2400000, 0.7766880910
410.2500000, 0.7674899042
410.2600000, 0.7555975168
410.2700000, 0.7483485802
410.2800000, 0.7479145276
410.2900000, 0.7489306591
410.3000000, 0.7501948735
410.3100000, 0.7516473125
410.3200000, 0.7508190127
410.3300000, 0.7462642387
410.3400000, 0.7435063488
410.3500000, 0.7399972670
410.3600000, 0.7345654885
410.3700000, 0.7311312698
410.3800000, 0.7257430576
410.3900000, 0.7199032488
410.4000000, 0.7169453885
410.4100000, 0.7142553226
410.4200000, 0.7132861713
410.4300000, 0.7151200914
410.4400000, 0.7155923243
410.4500000, 0.7169654286
410.4600000, 0.7210726162
410.4700000, 0.7268535527
410.4800000, 0.7326398275
410.4900000, 0.7391345961
410.5000000, 0.7471501976
410.5100000, 0.7573749279
410.5200000, 0.7657288976
410.5300000, 0.7768947481
410.5400000, 0.7837593845
410.5500000, 0.7901775450
410.5600000, 0.7968190962
410.5700000, 0.8065935715
410.5800000, 0.8145137274
410.5900000, 0.8192981043
410.6000000, 0.8233273020
410.6100000, 0.8274198293
410.6200000, 0.8275411804
410.6300000, 0.8267066981
410.6400000, 0.8266010897
410.6500000, 0.8280526119
410.6600000, 0.8304859403
410.6700000, 0.8322013085
410.6800000, 0.8337744324
410.6900000, 0.8350068026
410.7000000, 0.8326226545
410.7100000, 0.8273345258
410.7200000, 0.8212974871
410.7300000, 0.8181270679
410.7400000, 0.8156971187
410.7500000, 0.8098280396
410.7600000, 0.8046738736
410.7700000, 0.8026576832
410.7800000, 0.8041899029
410.7900000, 0.8063552341
410.8000000, 0.8079060239
410.8100000, 0.8125234038
410.8200000, 0.8171273279
410.8300000, 0.8168961058
410.8400000, 0.8153443567
410.8500000, 0.8095283554
410.8600000, 0.8038274091
410.8700000, 0.7979297103
410.8800000, 0.7875593076
410.8900000, 0.7818259146
410.9000000, 0.7771675271
410.9100000, 0.7739950036
410.9200000, 0.7706939619
410.9300000, 0.7648686850
410.9400000, 0.7620668235
410.9500000, 0.7627684261
410.9600000, 0.7629513717
410.9700000, 0.7584180474
410.9800000, 0.7527756529
410.9900000, 0.7510595850
411.0000000, 0.7461161990
411.0100000, 0.7428952374
411.0200000, 0.7379788926
411.0300000, 0.7329164327
411.0400000, 0.7257449634
411.0500000, 0.7227707038
411.0600000, 0.7202836834
411.0700000, 0.7153768318
411.0800000, 0.7097258496
411.0900000, 0.7080760756
411.1000000, 0.7065444536
411.1100000, 0.7026115719
411.1200000, 0.6984430035
411.1300000, 0.6954748631
411.1400000, 0.6882530718
411.1500000, 0.6852739768
411.1600000, 0.6818311243
411.1700000, 0.6755971070
411.1800000, 0.6695246243
411.1900000, 0.6655677372
411.2000000, 0.6590027917
411.2100000, 0.6517038695
411.2200000, 0.6435904925
411.2300000, 0.6376813951
411.2400000, 0.6337539879
411.2500000, 0.6291320226
411.2600000, 0.6243503489
411.2700000, 0.6189057228
411.2800000, 0.6139269808
411.2900000, 0.6113583389
411.3000000, 0.6104672636
411.3100000, 0.6092465394
411.3200000, 0.6075935844
411.3300000, 0.6058245833
411.3400000, 0.6050123606
411.3500000, 0.6048703548
411.3600000, 0.6038133353
411.3700000, 0.6035048130
411.3800000, 0.6029591664
411.3900000, 0.6013045526
411.4000000, 0.5991322312
411.4100000, 0.5961473160
411.4200000, 0.5948984608
411.4300000, 0.5943798411
411.4400000, 0.5942274541
411.4500000, 0.5950282434
411.4600000, 0.5993707775
411.4700000, 0.6021829658
411.4800000, 0.6036827141
411.4900000, 0.6053916038
411.5000000, 0.6079297567
411.5100000, 0.6112272218
411.5200000, 0.6143457492
411.5300000, 0.6168674957
411.5400000, 0.6217334508
411.5500000, 0.6249298586
411.5600000, 0.6289731199
411.5700000, 0.6314044960
411.5800000, 0.6337967306
411.5900000, 0.6369899612
411.6000000, 0.6402757111
411.6100000, 0.6426831637
411.6200000, 0.6453579625
411.6300000, 0.6440965922
411.6400000, 0.6431054918
411.6500000, 0.6417550861
411.6600000, 0.6393674149
411.6700000, 0.6370988278
411.6800000, 0.6333250910
411.6900000, 0.6298114091
411.7000000, 0.6267095781
411.7100000, 0.6230113553
411.7200000, 0.6181634874
411.7300000, 0.6144547108
411.7400000, 0.6108831577
411.7500000, 0.6065762782
411.7600000, 0.6033559983
411.7700000, 0.5986828164
411.7800000, 0.5934019259
411.7900000, 0.5910148703
411.8000000, 0.5890325136
411.8100000, 0.5870721843
411.8200000, 0.5846976566
411.8300000, 0.5819007773
411.8400000, 0.5807683085
411.8500000, 0.5780469904
411.8600000, 0.5742329433
411.8700000, 0.5725496952
411.8800000, 0.5720805251
411.8900000, 0.5722891502
411.9000000, 0.5752987004
411.9100000, 0.5824333857
411.9200000, 0.5879678043
411.9300000, 0.5911717004
411.9400000, 0.5950004472
411.9500000, 0.5974555572
411.9600000, 0.6018096949
411.9700000, 0.6078154653
411.9800000, 0.6148902393
411.9900000, 0.6185504194
412.0000000, 0.6199294448
412.0100000, 0.6190257381
412.0200000, 0.6182550121
412.0300000, 0.6174102609
412.0400000, 0.6149785129
412.0500000, 0.6141589472
412.0600000, 0.6141550727
412.0700000, 0.6141547082
412.0800000, 0.6141664002
412.0900000, 0.6141095384
412.1000000, 0.6149116168
412.1100000, 0.6149657657
412.1200000, 0.6151291704
412.1300000, 0.6125751982
412.1400000, 0.6075306184
412.1500000, 0.6058400553
412.1600000, 0.6060952400
412.1700000, 0.6046480783
412.1800000, 0.6039084373
412.1900000, 0.6010135159
412.2000000, 0.6003229748
412.2100000, 0.6022115016
412.2200000, 0.6027255252
412.2300000, 0.6025801359
412.2400000, 0.6026976192
412.2500000, 0.6022328124
412.2600000, 0.6011460877
412.2700000, 0.5982087594
412.2800000, 0.5938006229
412.2900000, 0.5905558899
412.3000000, 0.5886058980
412.3100000, 0.5873181390
412.3200000, 0.5868562890
412.3300000, 0.5849081664
412.3400000, 0.5821271242
412.3500000, 0.5803605082
412.3600000, 0.5802835478
412.3700000, 0.5838572451
412.3800000, 0.5876863596
412.3900000, 0.5933082571
412.4000000, 0.5984088244
412.4100000, 0.6048719435
412.4200000, 0.6104877441
412.4300000, 0.6186184757
412.4400000, 0.6300867137
412.4500000, 0.6404559432
412.4600000, 0.6520898294
412.4700000, 0.6636959692
412.4800000, 0.6699452245
412.4900000, 0.6781372775
412.5000000, 0.6871640487
412.5100000, 0.7001387273
412.5200000, 0.7113948765
412.5300000, 0.7218949313
412.5400000, 0.7307695793
412.5500000, 0.7397484581
412.5600000, 0.7454596524
412.5700000, 0.7526402740
412.5800000, 0.7590646884
412.5900000, 0.7676519181
412.6000000, 0.7766645126
412.6100000, 0.7848371958
412.6200000, 0.7923652154
412.6300000, 0.7981649994
412.6400000, 0.8048424549
412.6500000, 0.8139321722
412.6600000, 0.8249694321
412.6700000, 0.8362482074
412.6800000, 0.8478402726
412.6900000, 0.8574744021
412.7000000, 0.8699201000
412.7100000, 0.8790352042
412.7200000, 0.8882989916
412.7300000, 0.8996501167
412.7400000, 0.9097239800
412.7500000, 0.9180409374
412.7600000, 0.9251687280
412.7700000, 0.9319211467
412.7800000, 0.9363965014
412.7900000, 0.9411978335
412.8000000, 0.9437501483
412.8100000, 0.9401478541
412.8200000, 0.9372790014
412.8300000, 0.9366900818
412.8400000, 0.9344162537
412.8500000, 0.9328091616
412.8600000, 0.9344233729
412.8700000, 0.9369015221
412.8800000, 0.9393627516
412.8900000, 0.9415670783
412.9000000, 0.9432775050
412.9100000, 0.9442925653
412.9200000, 0.9413416044
412.9300000, 0.9383484653
412.9400000, 0.9368246759
412.9500000, 0.9341237646
412.9600000, 0.9291275529
412.9700000, 0.9244230431
412.9800000, 0.9221461399
412.9900000, 0.9204777992
413.0000000, 0.9155750550
413.0100000, 0.9091145929
413.0200000, 0.9034800293
413.0300000, 0.8963072166
413.0400000, 0.8881920378
413.0500000, 0.8816256797
413.0600000, 0.8752710291
413.0700000, 0.8680080304
413.0800000, 0.8615016154
413.0900000, 0.8543962623
413.1000000, 0.8466194421
413.1100000, 0.8373183651
413.1200000, 0.8326985901
413.1300000, 0.8258001358
413.1400000, 0.8176114815
413.1500000, 0.8132188718
413.1600000, 0.8070718399
413.1700000, 0.7994520296
413.1800000, 0.7927645864
413.1900000, 0.7865408311
413.2000000, 0.7792124145
413.2100000, 0.7739957456
413.2200000, 0.7729484007
413.2300000, 0.7768196460
413.2400000, 0.7852103599
413.2500000, 0.7934136605
413.2600000, 0.8030832921
413.2700000, 0.8138385751
413.2800000, 0.8216546243
413.2900000, 0.8312633959
413.3000000, 0.8441317914
413.3100000, 0.8569119056
413.3200000, 0.8701963811
413.3300000, 0.8835610125
413.3400000, 0.8952651081
413.3500000, 0.9081762625
413.3600000, 0.9240736067
413.3700000, 0.9399740495
413.3800000, 0.9554246844
413.3900000, 0.9714801769
413.4000000, 0.9868244620
413.4100000, 1.003075252
413.4200000, 1.021500691
413.4300000, 1.045364706
413.4400000, 1.069379997
413.4500000, 1.088918199
413.4600000, 1.101648210
413.4700000, 1.116250081
413.4800000, 1.129918073
413.4900000, 1.142012911
413.5000000, 1.154843847
413.5100000, 1.170273656
413.5200000, 1.178893568
413.5300000, 1.180781455
413.5400000, 1.181601851
413.5500000, 1.182250014
413.5600000, 1.184740313
413.5700000, 1.185737169
413.5800000, 1.194248390
413.5900000, 1.196081985
413.6000000, 1.195537014
413.6100000, 1.195769332
413.6200000, 1.195118819
413.6300000, 1.194507727
413.6400000, 1.196996381
413.6500000, 1.199829394
413.6600000, 1.202294212
413.6700000, 1.203736034
413.6800000, 1.204089602
413.6900000, 1.202698579
413.7000000, 1.196344122
413.7100000, 1.191415076
413.7200000, 1.189687985
413.7300000, 1.186542038
413.7400000, 1.184049247
413.7500000, 1.182602763
413.7600000, 1.181061896
413.7700000, 1.181327059
413.7800000, 1.183152868
413.7900000, 1.182646987
413.8000000, 1.179998343
413.8100000, 1.179226655
413.8200000, 1.176845498
413.8300000, 1.171572653
413.8400000, 1.167755771
413.8500000, 1.161643136
413.8600000, 1.158598790
413.8700000, 1.154671197
413.8800000, 1.151050382
413.8900000, 1.144363988
413.9000000, 1.136570801
413.9100000, 1.124136197
413.9200000, 1.113219270
413.9300000, 1.104253628
413.9400000, 1.091993061
413.9500000, 1.081773426
413.9600000, 1.076109463
413.9700000, 1.062343776
413.9800000, 1.048531906
413.9900000, 1.039689777
414.0000000, 1.028384996
414.0100000, 1.018802662
414.0200000, 1.005802176
414.0300000, 0.9987145757
414.0400000, 0.9918723281
414.0500000, 0.9835570658
414.0600000, 0.9778246949
414.0700000, 0.9696242745
414.0800000, 0.9600667158
414.0900000, 0.9494607162
414.1000000, 0.9407083914
414.1100000, 0.9278785287
414.1200000, 0.9121304603
414.1300000, 0.8984724057
414.1400000, 0.8862859927
414.1500000, 0.8745741067
414.1600000, 0.8678345223
414.1700000, 0.8593543280
414.1800000, 0.8462955212
414.1900000, 0.8314235911
414.2000000, 0.8199224777
414.2100000, 0.8083889126
414.2200000, 0.7955449294
414.2300000, 0.7835675030
414.2400000, 0.7719307121
414.2500000, 0.7620528765
414.2600000, 0.7526269395
414.2700000, 0.7456801440
414.2800000, 0.7386916373
414.2900000, 0.7319387786
414.3000000, 0.7251931250
414.3100000, 0.7191467199
414.3200000, 0.7140445173
414.3300000, 0.7166160154
414.3400000, 0.7227857949
414.3500000, 0.7303704336
414.3600000, 0.7395027560
414.3700000, 0.7491742591
414.3800000, 0.7577612452
414.3900000, 0.7661757771
414.4000000, 0.7774488659
414.4100000, 0.7872828782
414.4200000, 0.8010936547
414.4300000, 0.8140910676
414.4400000, 0.8310508812
414.4500000, 0.8439155831
414.4600000, 0.8584969537
414.4700000, 0.8681421462
414.4800000, 0.8832522825
414.4900000, 0.8978902426
414.5000000, 0.9130251771
414.5100000, 0.9298521842
414.5200000, 0.9468582891
414.5300000, 0.9631689666
414.5400000, 0.9780337681
414.5500000, 0.9907081632
414.5600000, 1.000640983
414.5700000, 1.010936238
414.5800000, 1.020903873
414.5900000, 1.030388822
414.6000000, 1.040822216
414.6100000, 1.050077917
414.6200000, 1.055469135
414.6300000, 1.061556395
414.6400000, 1.066034547
414.6500000, 1.069540891
414.6600000, 1.073134405
414.6700000, 1.076865707
414.6800000, 1.080249684
414.6900000, 1.084773659
414.7000000, 1.086868521
414.7100000, 1.080965666
414.7200000, 1.072876288
414.7300000, 1.068060576
414.7400000, 1.060485342
414.7500000, 1.052015667
414.7600000, 1.047540275
414.7700000, 1.038625441
414.7800000, 1.029657737
414.7900000, 1.028625101
414.8000000, 1.037425708
414.8100000, 1.038543044
414.8200000, 1.042216361
414.8300000, 1.049804939
414.8400000, 1.054389339
414.8500000, 1.052391359
414.8600000, 1.044144887
414.8700000, 1.033065678
414.8800000, 1.024998160
414.8900000, 1.013426339
414.9000000, 1.001335732
414.9100000, 0.9892517779
414.9200000, 0.9779945455
414.9300000, 0.9675135101
414.9400000, 0.9570087291
414.9500000, 0.9474100297
414.9600000, 0.9344901722
414.9700000, 0.9246928766
414.9800000, 0.9141281375
414.9900000, 0.9072428671
415.0000000, 0.9021908897
415.0100000, 0.8990196465
415.0200000, 0.8931267096
415.0300000, 0.8858873093
415.0400000, 0.8781009412
415.0500000, 0.8691497108
415.0600000, 0.8616520523
415.0700000, 0.8533222786
415.0800000, 0.8441623535
415.0900000, 0.8359036230
415.1000000, 0.8237388390
415.1100000, 0.8134746539
415.1200000, 0.8034010774
415.1300000, 0.7922502277
415.1400000, 0.7820192379
415.1500000, 0.7710264111
415.1600000, 0.7596925162
415.1700000, 0.7484350090
415.1800000, 0.7398451136
415.1900000, 0.7318809220
415.2000000, 0.7239445314
415.2100000, 0.7172359129
415.2200000, 0.7085597724
415.2300000, 0.6998162941
415.2400000, 0.6924130368
415.2500000, 0.6840596309
415.2600000, 0.6737116863
415.2700000, 0.6650307140
415.2800000, 0.6580941093
415.2900000, 0.6540640224
415.3000000, 0.6482986781
415.3100000, 0.6436691590
415.3200000, 0.6385747372
415.3300000, 0.6344911484
415.3400000, 0.6359225862
415.3500000, 0.6372067928
415.3600000, 0.6352294087
415.3700000, 0.6320594317
415.3800000, 0.6305537780
415.3900000, 0.6298018922
415.4000000, 0.6297868075
415.4100000, 0.6281527602
415.4200000, 0.6288913838
415.4300000, 0.6361929782
415.4400000, 0.6379602365
415.4500000, 0.6410564386
415.4600000, 0.6436061326
415.4700000, 0.6458930642
415.4800000, 0.6497710636
415.4900000, 0.6543733443
415.5000000, 0.6613356313
415.5100000, 0.6686195080
415.5200000, 0.6765016597
415.5300000, 0.6843147801
415.5400000, 0.6888769669
415.5500000, 0.6934961991
415.5600000, 0.6978654316
415.5700000, 0.7063425091
415.5800000, 0.7148778876
415.5900000, 0.7208372758
415.6000000, 0.7260021081
415.6100000, 0.7302984276
415.6200000, 0.7340867936
415.6300000, 0.7357787100
415.6400000, 0.7368564835
415.6500000, 0.7383178177
415.6600000, 0.7384517646
415.6700000, 0.7391199903
415.6800000, 0.7410524476
415.6900000, 0.7420119480
415.7000000, 0.7415323934
415.7100000, 0.7406751953
415.7200000, 0.7399012093
415.7300000, 0.7389867420
415.7400000, 0.7366609540
415.7500000, 0.7320282794
415.7600000, 0.7277060752
415.7700000, 0.7258159171
415.7800000, 0.7254436108
415.7900000, 0.7248827057
415.8000000, 0.7213860539
415.8100000, 0.7181134787
415.8200000, 0.7140177329
415.8300000, 0.7099382468
415.8400000, 0.7049830176
415.8500000, 0.7003331774
415.8600000, 0.6970005010
415.8700000, 0.6913819824
415.8800000, 0.6890375453
415.8900000, 0.6857991835
415.9000000, 0.6849870401
415.9100000, 0.6857835693
415.9200000, 0.6872887533
415.9300000, 0.6913217038
415.9400000, 0.6931236069
415.9500000, 0.6946311259
415.9600000, 0.6969795008
415.9700000, 0.6989909667
415.9800000, 0.6971257701
415.9900000, 0.6939237718
416.0000000, 0.6901226726
416.0100000, 0.6853646217
416.0200000, 0.6806221294
416.0300000, 0.6746945775
416.0400000, 0.6676337212
416.0500000, 0.6643848466
416.0600000, 0.6604826018
416.0700000, 0.6559277675
416.0800000, 0.6521763545
416.0900000, 0.6510768811
416.1000000, 0.6510072874
416.1100000, 0.6526318546
416.1200000, 0.6535242385
416.1300000, 0.6493444817
416.1400000, 0.6434692904
416.1500000, 0.6403921311
416.1600000, 0.6387334187
416.1700000, 0.6360852788
416.1800000, 0.6338715274
416.1900000, 0.6285442645
416.2000000, 0.6207966021
416.2100000, 0.6176957680
416.2200000, 0.6174620334
416.2300000, 0.6173996022
416.2400000, 0.6176502788
416.2500000, 0.6183707275
416.2600000, 0.6181919892
416.2700000, 0.6169972022
416.2800000, 0.6145498586
416.2900000, 0.6131420629
416.3000000, 0.6124341636
416.3100000, 0.6114232942
416.3200000, 0.6089565708
416.3300000, 0.6074626729
416.3400000, 0.6067112806
416.3500000, 0.6067730482
416.3600000, 0.6075894467
416.3700000, 0.6075559058
416.3800000, 0.6059347809
416.3900000, 0.6051157265
416.4000000, 0.6043213801
416.4100000, 0.6034881355
416.4200000, 0.6034050472
416.4300000, 0.6041640663
416.4400000, 0.6050000266
416.4500000, 0.6057396516
416.4600000, 0.6072608818
416.4700000, 0.6088608604
416.4800000, 0.6106378853
416.4900000, 0.6108503071
416.5000000, 0.6118127971
416.5100000, 0.6153166899
416.5200000, 0.6200550432
416.5300000, 0.6249579302
416.5400000, 0.6293960302
416.5500000, 0.6325311120
416.5600000, 0.6373889888
416.5700000, 0.6426731356
416.5800000, 0.6476656649
416.5900000, 0.6510669927
416.6000000, 0.6536696522
416.6100000, 0.6571137154
416.6200000, 0.6598457094
416.6300000, 0.6596683320
416.6400000, 0.6581748476
416.6500000, 0.6572752101
416.6600000, 0.6551738680
416.6700000, 0.6528077446
416.6800000, 0.6499844739
416.6900000, 0.6472003851
416.7000000, 0.6457815929
416.7100000, 0.6441372879
416.7200000, 0.6424617396
416.7300000, 0.6411234436
416.7400000, 0.6400898454
416.7500000, 0.6388631213
416.7600000, 0.6398487508
416.7700000, 0.6381232357
416.7800000, 0.6333503009
416.7900000, 0.6310981182
416.8000000, 0.6277285056
416.8100000, 0.6235300712
416.8200000, 0.6178724500
416.8300000, 0.6130344105
416.8400000, 0.6073871674
416.8500000, 0.6034067489
416.8600000, 0.6009922620
416.8700000, 0.6001181752
416.8800000, 0.6039592351
416.8900000, 0.6105130933
416.9000000, 0.6131865783
416.9100000, 0.6148584469
416.9200000, 0.6155839616
416.9300000, 0.6180375197
416.9400000, 0.6177120623
416.9500000, 0.6162808968
416.9600000, 0.6126695834
416.9700000, 0.6084771554
416.9800000, 0.6049813866
416.9900000, 0.6026248053
417.0000000, 0.5988579254
417.0100000, 0.5956605549
417.0200000, 0.5904107011
417.0300000, 0.5872157338
417.0400000, 0.5862413453
417.0500000, 0.5832143003
417.0600000, 0.5814343400
417.0700000, 0.5803844065
417.0800000, 0.5788588623
417.0900000, 0.5792900679
417.1000000, 0.5819199640
417.1100000, 0.5852949459
417.1200000, 0.5883483387
417.1300000, 0.5922979187
417.1400000, 0.5995571687
417.1500000, 0.6062581478
417.1600000, 0.6098571005
417.1700000, 0.6137674408
417.1800000, 0.6168203392
417.1900000, 0.6202779252
417.2000000, 0.6245025046
417.2100000, 0.6280884434
417.2200000, 0.6305035613
417.2300000, 0.6354515263
417.2400000, 0.6426744812
417.2500000, 0.6481223818
417.2600000, 0.6537954360
417.2700000, 0.6595099087
417.2800000, 0.6660605684
417.2900000, 0.6734751976
417.3000000, 0.6834785556
417.3100000, 0.6964700870
417.3200000, 0.7084920748
417.3300000, 0.7197859123
417.3400000, 0.7310778942
417.3500000, 0.7391917647
417.3600000, 0.7463051121
417.3700000, 0.7590415480
417.3800000, 0.7718872932
417.3900000, 0.7877163243
417.4000000, 0.8047169123
417.4100000, 0.8204291536
417.4200000, 0.8329028543
417.4300000, 0.8456559262
417.4400000, 0.8651772721
417.4500000, 0.8832769090
417.4600000, 0.9035972726
417.4700000, 0.9227094649
417.4800000, 0.9378194053
417.4900000, 0.9562173719
417.5000000, 0.9702720184
417.5100000, 0.9873431696
417.5200000, 1.005943156
417.5300000, 1.024861672
417.5400000, 1.038471220
417.5500000, 1.052460489
417.5600000, 1.066208492
417.5700000, 1.075526825
417.5800000, 1.088200458
417.5900000, 1.100591321
417.6000000, 1.110863224
417.6100000, 1.123030388
417.6200000, 1.133704860
417.6300000, 1.140456633
417.6400000, 1.145659886
417.6500000, 1.150470223
417.6600000, 1.155219720
417.6700000, 1.158561220
417.6800000, 1.159561300
417.6900000, 1.160989549
417.7000000, 1.167510386
417.7100000, 1.178410148
417.7200000, 1.188895931
417.7300000, 1.200383042
417.7400000, 1.210020609
417.7500000, 1.214364752
417.7600000, 1.219572531
417.7700000, 1.227983376
417.7800000, 1.238641732
417.7900000, 1.246900633
417.8000000, 1.244090456
417.8100000, 1.240047180
417.8200000, 1.234388513
417.8300000, 1.232703290
417.8400000, 1.233015325
417.8500000, 1.221072823
417.8600000, 1.215058285
417.8700000, 1.207937904
417.8800000, 1.202271738
417.8900000, 1.193783877
417.9000000, 1.184367789
417.9100000, 1.170877124
417.9200000, 1.153564804
417.9300000, 1.141419460
417.9400000, 1.129583982
417.9500000, 1.124027469
417.9600000, 1.114129046
417.9700000, 1.106770812
417.9800000, 1.103697905
417.9900000, 1.095776283
418.0000000, 1.085151158
418.0100000, 1.074716394
418.0200000, 1.064376985
418.0300000, 1.056452045
418.0400000, 1.048329794
418.0500000, 1.042854939
418.0600000, 1.033620200
418.0700000, 1.019712211
418.0800000, 1.005397925
418.0900000, 0.9926123212
418.1000000, 0.9841336051
418.1100000, 0.9699028383
418.1200000, 0.9557502335
418.1300000, 0.9467795698
418.1400000, 0.9352778772
418.1500000, 0.9201107339
418.1600000, 0.9056100116
418.1700000, 0.8963712845
418.1800000, 0.8826724235
418.1900000, 0.8656376801
418.2000000, 0.8522436359
418.2100000, 0.8418055566
418.2200000, 0.8280951516
418.2300000, 0.8145238655
418.2400000, 0.8085842526
418.2500000, 0.7988774739
418.2600000, 0.7853631285
418.2700000, 0.7785449274
418.2800000, 0.7737648272
418.2900000, 0.7688307202
418.3000000, 0.7607556336
418.3100000, 0.7583409538
418.3200000, 0.7551017357
418.3300000, 0.7542074255
418.3400000, 0.7527713753
418.3500000, 0.7482702116
418.3600000, 0.7415410331
418.3700000, 0.7401615306
418.3800000, 0.7400074632
418.3900000, 0.7427368220
418.4000000, 0.7466351276
418.4100000, 0.7523870319
418.4200000, 0.7610608242
418.4300000, 0.7694143968
418.4400000, 0.7830012827
418.4500000, 0.7998469850
418.4600000, 0.8173609514
418.4700000, 0.8353477916
418.4800000, 0.8561727857
418.4900000, 0.8777014027
418.5000000, 0.8988110672
418.5100000, 0.9249748717
418.5200000, 0.9468598814
418.5300000, 0.9667931932
418.5400000, 0.9866536349
418.5500000, 1.002850527
418.5600000, 1.020456214
418.5700000, 1.040234005
418.5800000, 1.058774433
418.5900000, 1.072331506
418.6000000, 1.081720221
418.6100000, 1.089120183
418.6200000, 1.098509755
418.6300000, 1.110045162
418.6400000, 1.120470250
418.6500000, 1.125666290
418.6600000, 1.130505930
418.6700000, 1.133477179
418.6800000, 1.140087581
418.6900000, 1.140512755
418.7000000, 1.132079249
418.7100000, 1.125157272
418.7200000, 1.123581181
418.7300000, 1.117458554
418.7400000, 1.110108987
418.7500000, 1.103091409
418.7600000, 1.098994638
418.7700000, 1.090878619
418.7800000, 1.088609655
418.7900000, 1.093466295
418.8000000, 1.095978643
418.8100000, 1.096726000
418.8200000, 1.099200010
418.8300000, 1.100439514
418.8400000, 1.108513042
418.8500000, 1.108669135
418.8600000, 1.105494221
418.8700000, 1.094391970
418.8800000, 1.090548047
418.8900000, 1.086181229
418.9000000, 1.078229977
418.9100000, 1.069680276
418.9200000, 1.054950165
418.9300000, 1.048091583
418.9400000, 1.034067474
418.9500000, 1.018404070
418.9600000, 1.011097972
418.9700000, 0.9998510780
418.9800000, 0.9929081214
418.9900000, 0.9865116565
419.0000000, 0.9784565301
419.0100000, 0.9689095549
419.0200000, 0.9620595971
419.0300000, 0.9556335662
419.0400000, 0.9467998472
419.0500000, 0.9403874016
419.0600000, 0.9336590332
419.0700000, 0.9301601761
419.0800000, 0.9254732851
419.0900000, 0.9178553241
419.1000000, 0.9082809758
419.1100000, 0.8966558824
419.1200000, 0.8884532301
419.1300000, 0.8804228404
419.1400000, 0.8721162628
419.1500000, 0.8649487437
419.1600000, 0.8596262823
419.1700000, 0.8489907886
419.1800000, 0.8369086817
419.1900000, 0.8257884022
419.2000000, 0.8153930723
419.2100000, 0.8058715047
419.2200000, 0.7958376242
419.2300000, 0.7820834736
419.2400000, 0.7718366834
419.2500000, 0.7620541747
419.2600000, 0.7491244850
419.2700000, 0.7394505647
419.2800000, 0.7306445267
419.2900000, 0.7178719545
419.3000000, 0.7054080490
419.3100000, 0.7001959706
419.3200000, 0.6948634746
419.3300000, 0.6881067336
419.3400000, 0.6854272787
419.3500000, 0.6814576540
419.3600000, 0.6810027838
419.3700000, 0.6857212944
419.3800000, 0.6879674742
419.3900000, 0.6901246828
419.4000000, 0.6915868002
419.4100000, 0.6916181328
419.4200000, 0.6964381586
419.4300000, 0.6993882273
419.4400000, 0.7020903711
419.4500000, 0.7073089276
419.4600000, 0.7141593871
419.4700000, 0.7243649870
419.4800000, 0.7357463546
419.4900000, 0.7445735335
419.5000000, 0.7534349069
419.5100000, 0.7655223287
419.5200000, 0.7781892387
419.5300000, 0.7903162909
419.5400000, 0.8041427219
419.5500000, 0.8159457698
419.5600000, 0.8243821558
419.5700000, 0.8350687220
419.5800000, 0.8456592589
419.5900000, 0.8543018043
419.6000000, 0.8629800839
419.6100000, 0.8693537472
419.6200000, 0.8742359626
419.6300000, 0.8798139355
419.6400000, 0.8831461895
419.6500000, 0.8861596269
419.6600000, 0.8916315461
419.6700000, 0.8936877439
419.6800000, 0.8962699649
419.6900000, 0.8984168797
419.7000000, 0.8972759127
419.7100000, 0.8938718777
419.7200000, 0.8889979354
419.7300000, 0.8850457960
419.7400000, 0.8826408062
419.7500000, 0.8786047060
419.7600000, 0.8721236630
419.7700000, 0.8673683813
419.7800000, 0.8592077984
419.7900000, 0.8571658934
419.8000000, 0.8563772639
419.8100000, 0.8568988339
419.8200000, 0.8592314815
419.8300000, 0.8615570668
419.8400000, 0.8653482988
419.8500000, 0.8686348494
419.8600000, 0.8663309532
419.8700000, 0.8633344313
419.8800000, 0.8615788800
419.8900000, 0.8556378875
419.9000000, 0.8520393787
419.9100000, 0.8485223671
419.9200000, 0.8420910039
419.9300000, 0.8369755942
419.9400000, 0.8342290817
419.9500000, 0.8315272233
419.9600000, 0.8276070789
419.9700000, 0.8241280815
419.9800000, 0.8201964125
419.9900000, 0.8148652790
420.0000000, 0.8087195812
420.0100000, 0.8025584015
420.0200000, 0.7970168097
420.0300000, 0.7912961053
420.0400000, 0.7836086623
420.0500000, 0.7754785372
420.0600000, 0.7709452531
420.0700000, 0.7682728202
420.0800000, 0.7634584705
420.0900000, 0.7555116764
420.1000000, 0.7502977979
420.1100000, 0.7443730873
420.1200000, 0.7378773855
420.1300000, 0.7313990708
420.1400000, 0.7237161716
420.1500000, 0.7150674093
420.1600000, 0.7087870179
420.1700000, 0.7024083306
420.1800000, 0.6966766136
420.1900000, 0.6893805481
420.2000000, 0.6829521675
420.2100000, 0.6765629587
420.2200000, 0.6725706413
420.2300000, 0.6677203158
420.2400000, 0.6620906679
420.2500000, 0.6556277521
420.2600000, 0.6506385934
420.2700000, 0.6481108901
420.2800000, 0.6457617352
420.2900000, 0.6420902293
420.3000000, 0.6350144596
420.3100000, 0.6290673618
420.3200000, 0.6235514477
420.3300000, 0.6177111208
420.3400000, 0.6134744321
420.3500000, 0.6091878041
420.3600000, 0.6076810797
420.3700000, 0.6065630055
420.3800000, 0.6042397827
420.3900000, 0.6020784961
420.4000000, 0.6024759121
420.4100000, 0.6058590887
420.4200000, 0.6102329608
420.4300000, 0.6131443034
420.4400000, 0.6160977005
420.4500000, 0.6217015062
420.4600000, 0.6283479705
420.4700000, 0.6374784864
420.4800000, 0.6445595612
420.4900000, 0.6484720758
420.5000000, 0.6553928266
420.5100000, 0.6641525709
420.5200000, 0.6722661384
420.5300000, 0.6800623265
420.5400000, 0.6885833361
420.5500000, 0.6957298114
420.5600000, 0.7025663383
420.5700000, 0.7080856867
420.5800000, 0.7135510930
420.5900000, 0.7184096258
420.6000000, 0.7228574542
420.6100000, 0.7248084440
420.6200000, 0.7267242410
420.6300000, 0.7298822554
420.6400000, 0.7312820078
420.6500000, 0.7319416006
420.6600000, 0.7309438038
420.6700000, 0.7293999208
420.6800000, 0.7295093216
420.6900000, 0.7303354323
420.7000000, 0.7311242921
420.7100000, 0.7311182117
420.7200000, 0.7311428146
420.7300000, 0.7287771537
420.7400000, 0.7256057244
420.7500000, 0.7208696276
420.7600000, 0.7158838422
420.7700000, 0.7132184946
420.7800000, 0.7110848262
420.7900000, 0.7058224915
420.8000000, 0.7000074454
420.8100000, 0.6954415115
420.8200000, 0.6941902462
420.8300000, 0.6932335230
420.8400000, 0.6944826134
420.8500000, 0.6948190226
420.8600000, 0.6963124189
420.8700000, 0.6996517824
420.8800000, 0.7019209698
420.8900000, 0.7024562536
420.9000000, 0.7017517427
420.9100000, 0.7015769037
420.9200000, 0.7041362394
420.9300000, 0.7066440886
420.9400000, 0.7080323350
420.9500000, 0.7098662791
420.9600000, 0.7134464609
420.9700000, 0.7161242472
420.9800000, 0.7140674129
420.9900000, 0.7113459557
421.0000000, 0.7097080300
421.0100000, 0.7069038317
421.0200000, 0.7033714080
421.0300000, 0.6992034010
421.0400000, 0.6954502349
421.0500000, 0.6940063711
421.0600000, 0.6936332936
421.0700000, 0.6908541438
421.0800000, 0.6887201362
421.0900000, 0.6870010660
421.1000000, 0.6831600519
421.1100000, 0.6775703079
421.1200000, 0.6724821504
421.1300000, 0.6652159164
421.1400000, 0.6596406319
421.1500000, 0.6531406968
421.1600000, 0.6466180205
421.1700000, 0.6394479532
421.1800000, 0.6354714995
421.1900000, 0.6297925017
421.2000000, 0.6233378766
421.2100000, 0.6176344216
421.2200000, 0.6136166145
421.2300000, 0.6086782981
421.2400000, 0.6069069695
421.2500000, 0.6045315677
421.2600000, 0.6035056177
421.2700000, 0.6023435069
421.2800000, 0.5977144636
421.2900000, 0.5947274788
421.3000000, 0.5931157746
421.3100000, 0.5914977980
421.3200000, 0.5902181130
421.3300000, 0.5914839772
421.3400000, 0.5922314310
421.3500000, 0.5957572743
421.3600000, 0.6011139980
421.3700000, 0.6045292498
421.3800000, 0.6055667616
421.3900000, 0.6110658267
421.4000000, 0.6201062554
421.4100000, 0.6292241407
421.4200000, 0.6365389948
421.4300000, 0.6441559929
421.4400000, 0.6553466369
421.4500000, 0.6653811397
421.4600000, 0.6774032919
421.4700000, 0.6931489590
421.4800000, 0.7046934789
421.4900000, 0.7149617578
421.5000000, 0.7271885885
421.5100000, 0.7361265376
421.5200000, 0.7440240292
421.5300000, 0.7532857395
421.5400000, 0.7605370681
421.5500000, 0.7699371770
421.5600000, 0.7808658373
421.5700000, 0.7930420115
421.5800000, 0.8052867519
421.5900000, 0.8181118228
421.6000000, 0.8302658250
421.6100000, 0.8443161983
421.6200000, 0.8596129075
421.6300000, 0.8752219898
421.6400000, 0.8957121121
421.6500000, 0.9165246951
421.6600000, 0.9342407167
421.6700000, 0.9544494641
421.6800000, 0.9746152969
421.6900000, 0.9947559781
421.7000000, 1.015735906
421.7100000, 1.034626740
421.7200000, 1.047268684
421.7300000, 1.056135556
421.7400000, 1.067119902
421.7500000, 1.078639007
421.7600000, 1.088428226
421.7700000, 1.098365786
421.7800000, 1.104502587
421.7900000, 1.104899988
421.8000000, 1.100563447
421.8100000, 1.091004501
421.8200000, 1.080331775
421.8300000, 1.069692930
421.8400000, 1.060719682
421.8500000, 1.053789008
421.8600000, 1.047919273
421.8700000, 1.038548338
421.8800000, 1.026303560
421.8900000, 1.014550378
421.9000000, 1.004027805
421.9100000, 0.9923173744
421.9200000, 0.9793398515
421.9300000, 0.9684020685
421.9400000, 0.9595761576
421.9500000, 0.9519854395
421.9600000, 0.9446614114
421.9700000, 0.9356897275
421.9800000, 0.9265335032
421.9900000, 0.9122058415
422.0000000, 0.8916534519
422.0100000, 0.8778151074
422.0200000, 0.8635577318
422.0300000, 0.8499813511
422.0400000, 0.8396672523
422.0500000, 0.8284622535
422.0600000, 0.8176775387
422.0700000, 0.8045841781
422.0800000, 0.7928408384
422.0900000, 0.7835616757
422.1000000, 0.7764551092
422.1100000, 0.7690811390
422.1200000, 0.7630871764
422.1300000, 0.7612591465
422.1400000, 0.7497053909
422.1500000, 0.7409439492
422.1600000, 0.7353022587
422.1700000, 0.7296693762
422.1800000, 0.7232725597
422.1900000, 0.7159625016
422.2000000, 0.7102715382
422.2100000, 0.7032690776
422.2200000, 0.6955288465
422.2300000, 0.6945042933
422.2400000, 0.6979812218
422.2500000, 0.7048737433
422.2600000, 0.7121050138
422.2700000, 0.7206148226
422.2800000, 0.7299850359
422.2900000, 0.7414931764
422.3000000, 0.7541645640
422.3100000, 0.7679927662
422.3200000, 0.7798113178
422.3300000, 0.7923243458
422.3400000, 0.8037655789
422.3500000, 0.8183345052
422.3600000, 0.8363296848
422.3700000, 0.8572858615
422.3800000, 0.8796648626
422.3900000, 0.8990781394
422.4000000, 0.9204464192
422.4100000, 0.9438909453
422.4200000, 0.9662967746
422.4300000, 0.9888970798
422.4400000, 1.014013463
422.4500000, 1.041736670
422.4600000, 1.069405308
422.4700000, 1.091385215
422.4800000, 1.108487159
422.4900000, 1.131948680
422.5000000, 1.152844623
422.5100000, 1.171722311
422.5200000, 1.189088174
422.5300000, 1.201775323
422.5400000, 1.207573114
422.5500000, 1.218190997
422.5600000, 1.235175213
422.5700000, 1.245172154
422.5800000, 1.249773324
422.5900000, 1.255582906
422.6000000, 1.262091028
422.6100000, 1.270355112
422.6200000, 1.280812503
422.6300000, 1.288011827
422.6400000, 1.296083720
422.6500000, 1.305718305
422.6600000, 1.317043573
422.6700000, 1.325374366
422.6800000, 1.329702460
422.6900000, 1.331963302
422.7000000, 1.337434239
422.7100000, 1.340630589
422.7200000, 1.339252041
422.7300000, 1.338953991
422.7400000, 1.338856804
422.7500000, 1.340341281
422.7600000, 1.340573000
422.7700000, 1.341848299
422.7800000, 1.342994366
422.7900000, 1.348672182
422.8000000, 1.355775291
422.8100000, 1.358234913
422.8200000, 1.364690825
422.8300000, 1.370187479
422.8400000, 1.373079612
422.8500000, 1.375004694
422.8600000, 1.372412803
422.8700000, 1.365021693
422.8800000, 1.356086081
422.8900000, 1.348875654
422.9000000, 1.340261857
422.9100000, 1.328960993
422.9200000, 1.313343742
422.9300000, 1.293026650
422.9400000, 1.272913206
422.9500000, 1.252964966
422.9600000, 1.237737892
422.9700000, 1.227925277
422.9800000, 1.215600737
422.9900000, 1.198833893
423.0000000, 1.181219407
423.0100000, 1.167607760
423.0200000, 1.150964356
423.0300000, 1.134091293
423.0400000, 1.119577821
423.0500000, 1.108086136
423.0600000, 1.093613150
423.0700000, 1.082511140
423.0800000, 1.070338725
423.0900000, 1.058187340
423.1000000, 1.046264187
423.1100000, 1.038159732
423.1200000, 1.021963082
423.1300000, 1.007477262
423.1400000, 0.9904266598
423.1500000, 0.9797900787
423.1600000, 0.9669856307
423.1700000, 0.9551550405
423.1800000, 0.9375661700
423.1900000, 0.9252721149
423.2000000, 0.9158067096
423.2100000, 0.9037604889
423.2200000, 0.8874718119
423.2300000, 0.8760118597
423.2400000, 0.8647925303
423.2500000, 0.8565497820
423.2600000, 0.8489832085
423.2700000, 0.8404916468
423.2800000, 0.8299994238
423.2900000, 0.8222491786
423.3000000, 0.8155297646
423.3100000, 0.8086286129
423.3200000, 0.8023919628
423.3300000, 0.7989516774
423.3400000, 0.7986415008
423.3500000, 0.7984669595
423.3600000, 0.7969346930
423.3700000, 0.8018860419
423.3800000, 0.8116546042
423.3900000, 0.8150062694
423.4000000, 0.8179916613
423.4100000, 0.8261625076
423.4200000, 0.8366901647
423.4300000, 0.8498192833
423.4400000, 0.8625450035
423.4500000, 0.8711597232
423.4600000, 0.8797072110
423.4700000, 0.8925791301
423.4800000, 0.9089169292
423.4900000, 0.9241010016
423.5000000, 0.9378813659
423.5100000, 0.9493592714
423.5200000, 0.9630583210
423.5300000, 0.9751729320
423.5400000, 0.9889906196
423.5500000, 1.003930100
423.5600000, 1.022440438
423.5700000, 1.035747564
423.5800000, 1.046178516
423.5900000, 1.057545896
423.6000000, 1.070453351
423.6100000, 1.078509895
423.6200000, 1.088231097
423.6300000, 1.095374628
423.6400000, 1.108090589
423.6500000, 1.118745129
423.6600000, 1.130143918
423.6700000, 1.137306026
423.6800000, 1.141020322
423.6900000, 1.142228459
423.7000000, 1.149302518
423.7100000, 1.156934126
423.7200000, 1.164050866
423.7300000, 1.165505537
423.7400000, 1.164504295
423.7500000, 1.158733326
423.7600000, 1.151005505
423.7700000, 1.140004818
423.7800000, 1.128851307
423.7900000, 1.117787897
423.8000000, 1.111701774
423.8100000, 1.108748812
423.8200000, 1.100924440
423.8300000, 1.093491300
423.8400000, 1.085347392
423.8500000, 1.077118026
423.8600000, 1.075142231
423.8700000, 1.075489775
423.8800000, 1.075397035
423.8900000, 1.075416378
423.9000000, 1.075431570
423.9100000, 1.075281875
423.9200000, 1.071875984
423.9300000, 1.063374435
423.9400000, 1.053454008
423.9500000, 1.042584094
423.9600000, 1.030082752
423.9700000, 1.017401020
423.9800000, 1.006499268
423.9900000, 0.9971453761
424.0000000, 0.9879992448
424.0100000, 0.9764292282
424.0200000, 0.9642636956
424.0300000, 0.9512367406
424.0400000, 0.9385611154
424.0500000, 0.9290077011
424.0600000, 0.9202762081
424.0700000, 0.9155128121
424.0800000, 0.9090213815
424.0900000, 0.9009331491
424.1000000, 0.8952584988
424.1100000, 0.8888723106
424.1200000, 0.8816675740
424.1300000, 0.8730479885
424.1400000, 0.8617947378
424.1500000, 0.8520090079
424.1600000, 0.8419623145
424.1700000, 0.8362426933
424.1800000, 0.8258839828
424.1900000, 0.8147843637
424.2000000, 0.8002316902
424.2100000, 0.7920333936
424.2200000, 0.7893271079
424.2300000, 0.7822187719
424.2400000, 0.7711842263
424.2500000, 0.7598087255
424.2600000, 0.7448303319
424.2700000, 0.7333271303
424.2800000, 0.7250922912
424.2900000, 0.7125590504
424.3000000, 0.6997664714
424.3100000, 0.6894271253
424.3200000, 0.6781140642
424.3300000, 0.6686727295
424.3400000, 0.6620399667
424.3500000, 0.6538647542
424.3600000, 0.6453283039
424.3700000, 0.6415022328
424.3800000, 0.6430125204
424.3900000, 0.6455610669
424.4000000, 0.6478139977
424.4100000, 0.6489072577
424.4200000, 0.6503881738
424.4300000, 0.6518759708
424.4400000, 0.6501978330
424.4500000, 0.6503700941
424.4600000, 0.6492148756
424.4700000, 0.6491495403
424.4800000, 0.6538917866
424.4900000, 0.6605661203
424.5000000, 0.6677606844
424.5100000, 0.6742034842
424.5200000, 0.6815788794
424.5300000, 0.6897440203
424.5400000, 0.6995851706
424.5500000, 0.7133206530
424.5600000, 0.7237556450
424.5700000, 0.7350482029
424.5800000, 0.7463455218
424.5900000, 0.7576446483
424.6000000, 0.7682381904
424.6100000, 0.7771798446
424.6200000, 0.7860892480
424.6300000, 0.7936473736
424.6400000, 0.7993282557
424.6500000, 0.8057860369
424.6600000, 0.8104175163
424.6700000, 0.8124605124
424.6800000, 0.8131368512
424.6900000, 0.8153708010
424.7000000, 0.8165797849
424.7100000, 0.8178587605
424.7200000, 0.8195250355
424.7300000, 0.8214923037
424.7400000, 0.8248503621
424.7500000, 0.8261401831
424.7600000, 0.8253421986
424.7700000, 0.8245762421
424.7800000, 0.8236499918
424.7900000, 0.8233953661
424.8000000, 0.8229595322
424.8100000, 0.8224945361
424.8200000, 0.8223553575
424.8300000, 0.8208998725
424.8400000, 0.8199773101
424.8500000, 0.8198756232
424.8600000, 0.8188326455
424.8700000, 0.8184441245
424.8800000, 0.8181380007
424.8900000, 0.8177089506
424.9000000, 0.8186909705
424.9100000, 0.8177947403
424.9200000, 0.8136831306
424.9300000, 0.8076051759
424.9400000, 0.8007139633
424.9500000, 0.7933176054
